{
    "SVM": {
        "C": 0.013797227894122362,
        "gamma": 0.0008012580957216079,
        "kernel": "rbf",
        "random_state": 33,
        "class_weight": "balanced"
    },
    "Random_Forest": {
        "bootstrap": true,
        "ccp_alpha": 0.0006391784169923528,
        "criterion": "log_loss",
        "max_depth": 32,
        "max_features": "log2",
        "min_samples_leaf": 7,
        "min_samples_split": 22,
        "n_estimators": 116,
        "random_state": 33,
        "class_weight": "balanced",
        "n_jobs": -1
    },
    "XGBoost": {
        "colsample_bytree": 0.9464487690142547,
        "eval_metric": "logloss",
        "gamma": 2.189523592991154,
        "learning_rate": 0.08387098133293537,
        "max_depth": 5,
        "min_child_weight": 3.1494671513505987,
        "n_estimators": 458,
        "objective": "binary:logistic",
        "reg_alpha": 4.698300634761819,
        "reg_lambda": 1.5109409606895323,
        "subsample": 0.7307925510916493,
        "random_state": 33
    }
}