{
    "SVM": {
        "C": 8.620781076632255,
        "gamma": 0.9571857849783942,
        "kernel": "rbf",
        "random_state": 33,
        "class_weight": "balanced"
    },
    "Random_Forest": {
        "bootstrap": true,
        "ccp_alpha": 2.1069997284956928e-06,
        "criterion": "entropy",
        "max_depth": 31,
        "max_features": 0.5,
        "min_samples_leaf": 2,
        "min_samples_split": 25,
        "n_estimators": 85,
        "random_state": 33,
        "class_weight": "balanced",
        "n_jobs": -1
    },
    "XGBoost": {
        "colsample_bytree": 0.6812810047068361,
        "eval_metric": "logloss",
        "gamma": 0.003994612507033559,
        "learning_rate": 0.043117713493598026,
        "max_depth": 8,
        "min_child_weight": 1.515589657470675,
        "n_estimators": 286,
        "objective": "binary:logistic",
        "reg_alpha": 0.45486562014024107,
        "reg_lambda": 1.238406141382229,
        "subsample": 0.6206223960852595,
        "random_state": 33
    }
}