{
    "SVM": {
        "C": 0.03097852707196491,
        "coef0": 0.3499262631523865,
        "degree": 4,
        "gamma": 2.7850890691622254,
        "kernel": "poly",
        "random_state": 33,
        "class_weight": "balanced"
    },
    "CART": {
        "ccp_alpha": 0.00027098211790596967,
        "criterion": "log_loss",
        "max_depth": 41,
        "max_features": "sqrt",
        "min_samples_leaf": 12,
        "min_samples_split": 24,
        "splitter": "best",
        "random_state": 33,
        "class_weight": "balanced"
    },
    "Random_Forest": {
        "bootstrap": false,
        "ccp_alpha": 9.523997498642667e-07,
        "criterion": "entropy",
        "max_depth": 24,
        "max_features": 0.5,
        "min_samples_leaf": 4,
        "min_samples_split": 7,
        "random_state": 33,
        "class_weight": "balanced"
    },
    "XGBoost": {
        "colsample_bytree": 0.9121655978614853,
        "eval_metric": "logloss",
        "gamma": 0.02349697204033308,
        "learning_rate": 0.10681467052331052,
        "max_depth": 8,
        "min_child_weight": 7.7379802149848596,
        "objective": "binary:logistic",
        "reg_alpha": 8.407080271524405,
        "reg_lambda": 0.004198585696776684,
        "subsample": 0.7198992394624828,
        "random_state": 33,
        "scale_pos_weight": 13.214532871972319
    },
    "LightGBM": {
        "colsample_bytree": 0.9252309722947032,
        "learning_rate": 0.10579748529279263,
        "max_depth": 10,
        "metric": "logloss",
        "min_child_samples": 17,
        "num_leaves": 27,
        "objective": "binary",
        "reg_alpha": 0.00024991242947225575,
        "reg_lambda": 0.02544659616528781,
        "subsample": 0.5818175813025477,
        "verbose": -1,
        "random_state": 33,
        "scale_pos_weight": 13.214532871972319
    }
}