{
    "SVM": {
        "C": 155.70484569628954,
        "gamma": 3.5530756548217854,
        "kernel": "rbf",
        "random_state": 33,
        "class_weight": "balanced"
    },
    "Random_Forest": {
        "bootstrap": false,
        "ccp_alpha": 0.00041802624567105175,
        "criterion": "log_loss",
        "max_depth": 31,
        "max_features": 0.5,
        "min_samples_leaf": 5,
        "min_samples_split": 16,
        "n_estimators": 41,
        "random_state": 33,
        "class_weight": "balanced",
        "n_jobs": -1
    },
    "XGBoost": {
        "colsample_bytree": 0.7867394859127184,
        "eval_metric": "logloss",
        "gamma": 0.00034186870995595703,
        "learning_rate": 0.09505839279574554,
        "max_depth": 6,
        "min_child_weight": 0.880776109141342,
        "n_estimators": 456,
        "objective": "binary:logistic",
        "reg_alpha": 0.018959972688344415,
        "reg_lambda": 0.06789972629629976,
        "subsample": 0.8521445298792869,
        "random_state": 33
    }
}