{
    "SVM": {
        "C": 0.3692587972108781,
        "gamma": 4.1963476992645e-06,
        "kernel": "rbf",
        "random_state": 33,
        "class_weight": "balanced"
    },
    "Random_Forest": {
        "bootstrap": true,
        "ccp_alpha": 3.92032244152159e-05,
        "criterion": "log_loss",
        "max_depth": 31,
        "max_features": "sqrt",
        "min_samples_leaf": 1,
        "min_samples_split": 14,
        "n_estimators": 247,
        "random_state": 33,
        "class_weight": "balanced",
        "n_jobs": -1
    },
    "XGBoost": {
        "colsample_bytree": 0.8578257857859335,
        "eval_metric": "logloss",
        "gamma": 0.0023111312654083968,
        "learning_rate": 0.049318534132472405,
        "max_depth": 7,
        "min_child_weight": 8.080045905140558,
        "n_estimators": 325,
        "objective": "binary:logistic",
        "reg_alpha": 0.006943546351922327,
        "reg_lambda": 0.003864380257779941,
        "subsample": 0.7838007711818507,
        "random_state": 33
    }
}