{
    "SVM": {
        "C": 0.0024259612444969317,
        "coef0": 1.7431902751987698,
        "degree": 2,
        "gamma": 0.6681682093919618,
        "kernel": "poly",
        "random_state": 33,
        "class_weight": "balanced"
    },
    "CART": {
        "ccp_alpha": 1.7480370654279986e-05,
        "criterion": "gini",
        "max_depth": 4,
        "max_features": null,
        "min_samples_leaf": 10,
        "min_samples_split": 5,
        "splitter": "best",
        "random_state": 33,
        "class_weight": "balanced"
    },
    "Random_Forest": {
        "bootstrap": false,
        "ccp_alpha": 9.523997498642667e-07,
        "criterion": "entropy",
        "max_depth": 24,
        "max_features": 0.5,
        "min_samples_leaf": 4,
        "min_samples_split": 7,
        "random_state": 33,
        "class_weight": "balanced"
    },
    "XGBoost": {
        "colsample_bytree": 0.9945318117251694,
        "eval_metric": "logloss",
        "gamma": 0.000747225366266352,
        "learning_rate": 0.18840199781437414,
        "max_depth": 10,
        "min_child_weight": 1.3986421814568597,
        "objective": "binary:logistic",
        "reg_alpha": 0.37218805533904253,
        "reg_lambda": 0.1423466853015628,
        "subsample": 0.9249775685156074,
        "random_state": 33,
        "scale_pos_weight": 13.214532871972319
    },
    "LightGBM": {
        "colsample_bytree": 0.9039964094408228,
        "learning_rate": 0.0797677538429512,
        "max_depth": 11,
        "metric": "logloss",
        "min_child_samples": 13,
        "num_leaves": 127,
        "objective": "binary",
        "reg_alpha": 0.012938744945205824,
        "reg_lambda": 0.03825756838214059,
        "subsample": 0.7039257128340015,
        "verbose": -1,
        "random_state": 33,
        "scale_pos_weight": 13.214532871972319
    }
}