{
    "SVM": {
        "C": 12.38933639702895,
        "gamma": 0.05659727053580866,
        "kernel": "rbf",
        "random_state": 33,
        "class_weight": "balanced"
    },
    "Random_Forest": {
        "bootstrap": false,
        "ccp_alpha": 9.523997498642667e-07,
        "criterion": "entropy",
        "max_depth": 24,
        "max_features": "sqrt",
        "min_samples_leaf": 4,
        "min_samples_split": 7,
        "n_estimators": 159,
        "random_state": 33,
        "class_weight": "balanced",
        "n_jobs": -1
    },
    "XGBoost": {
        "colsample_bytree": 0.9464487690142547,
        "eval_metric": "logloss",
        "gamma": 2.189523592991154,
        "learning_rate": 0.08387098133293537,
        "max_depth": 5,
        "min_child_weight": 3.1494671513505987,
        "n_estimators": 458,
        "objective": "binary:logistic",
        "reg_alpha": 4.698300634761819,
        "reg_lambda": 1.5109409606895323,
        "subsample": 0.7307925510916493,
        "random_state": 33
    }
}