{
    "SVM": {
        "C": 72.00503817038027,
        "coef0": 1.2536223012228445,
        "degree": 2,
        "gamma": 0.03461859944484052,
        "kernel": "poly",
        "random_state": 33,
        "class_weight": "balanced"
    },
    "CART": {
        "ccp_alpha": 0.00027098211790596967,
        "criterion": "log_loss",
        "max_depth": 41,
        "max_features": "sqrt",
        "min_samples_leaf": 12,
        "min_samples_split": 24,
        "splitter": "best",
        "random_state": 33,
        "class_weight": "balanced"
    },
    "Random_Forest": {
        "bootstrap": false,
        "ccp_alpha": 9.523997498642667e-07,
        "criterion": "entropy",
        "max_depth": 24,
        "max_features": 0.5,
        "min_samples_leaf": 4,
        "min_samples_split": 7,
        "random_state": 33,
        "class_weight": "balanced"
    },
    "XGBoost": {
        "colsample_bytree": 0.671548352757404,
        "eval_metric": "logloss",
        "gamma": 0.09305677512486618,
        "learning_rate": 0.08192678537706805,
        "max_depth": 10,
        "min_child_weight": 2.5379710478017956,
        "objective": "binary:logistic",
        "reg_alpha": 0.0015064017388305203,
        "reg_lambda": 0.005018177793082854,
        "subsample": 0.8487175162644316,
        "random_state": 33,
        "scale_pos_weight": 13.214532871972319
    },
    "LightGBM": {
        "colsample_bytree": 0.5422063747642943,
        "learning_rate": 0.07885165402835125,
        "max_depth": 7,
        "metric": "logloss",
        "min_child_samples": 38,
        "num_leaves": 83,
        "objective": "binary",
        "reg_alpha": 0.000741705371224509,
        "reg_lambda": 0.0409101946040011,
        "subsample": 0.9160632720432271,
        "verbose": -1,
        "random_state": 33,
        "scale_pos_weight": 13.214532871972319
    }
}