{
    "group_1": {
        "status": "completed",
        "results": {
            "SVM": {
                "metrics": {
                    "accuracy": 0.07484483388097846,
                    "precision": 0.07060333761232349,
                    "recall_tpr": 1.0,
                    "f1_score": 0.13189448441247004,
                    "specificity_tnr": 0.00490869821323385,
                    "g_mean": 0.07006210254648265,
                    "confusion_matrix": {
                        "tn": 25,
                        "fp": 5068,
                        "fn": 0,
                        "tp": 385
                    },
                    "roc_auc": 0.7337458339814515,
                    "pr_auc": 0.47830312021301336,
                    "brier_score": 0.9100086917007576
                },
                "best_hpo_params": {
                    "C": 0.3692587972108781,
                    "gamma": 4.1963476992645e-06,
                    "kernel": "rbf",
                    "random_state": 33,
                    "class_weight": "balanced"
                },
                "best_hpo_method": "Hyperband",
                "hpo_f1_score": 0.5781990521327014,
                "hpo_duration_s": 1208.059958934784,
                "calibration_duration_s": 69.06328678131104,
                "evaluation_duration_s": 6.588399887084961,
                "timestamp": "20250611_131318",
                "group": "group_1",
                "calibration_method": "cvap"
            },
            "Random_Forest": {
                "metrics": {
                    "accuracy": 0.9364731653888281,
                    "precision": 0.9512195121951219,
                    "recall_tpr": 0.1012987012987013,
                    "f1_score": 0.18309859154929578,
                    "specificity_tnr": 0.9996073041429413,
                    "g_mean": 0.31821207035305227,
                    "confusion_matrix": {
                        "tn": 5091,
                        "fp": 2,
                        "fn": 346,
                        "tp": 39
                    },
                    "roc_auc": 0.8482952154854767,
                    "pr_auc": 0.392941997012264,
                    "brier_score": 0.054889018473643025
                },
                "best_hpo_params": {
                    "bootstrap": true,
                    "ccp_alpha": 3.92032244152159e-05,
                    "criterion": "log_loss",
                    "max_depth": 31,
                    "max_features": "sqrt",
                    "min_samples_leaf": 1,
                    "min_samples_split": 14,
                    "n_estimators": 247,
                    "random_state": 33,
                    "class_weight": "balanced",
                    "n_jobs": -1
                },
                "best_hpo_method": "Hyperband",
                "hpo_f1_score": 0.6686478454680534,
                "hpo_duration_s": 1167.5883536338806,
                "calibration_duration_s": 4.635854005813599,
                "evaluation_duration_s": 0.11137151718139648,
                "timestamp": "20250611_133441",
                "group": "group_1",
                "calibration_method": "cvap"
            },
            "XGBoost": {
                "metrics": {
                    "accuracy": 0.9623950346841913,
                    "precision": 0.9124423963133641,
                    "recall_tpr": 0.5142857142857142,
                    "f1_score": 0.6578073089700996,
                    "specificity_tnr": 0.9962693893579423,
                    "g_mean": 0.7157982359065589,
                    "confusion_matrix": {
                        "tn": 5074,
                        "fp": 19,
                        "fn": 187,
                        "tp": 198
                    },
                    "roc_auc": 0.8775816565135238,
                    "pr_auc": 0.6679108477143739,
                    "brier_score": 0.037147702480615906
                },
                "best_hpo_params": {
                    "colsample_bytree": 0.8578257857859335,
                    "eval_metric": "logloss",
                    "gamma": 0.0023111312654083968,
                    "learning_rate": 0.049318534132472405,
                    "max_depth": 7,
                    "min_child_weight": 8.080045905140558,
                    "n_estimators": 325,
                    "objective": "binary:logistic",
                    "reg_alpha": 0.006943546351922327,
                    "reg_lambda": 0.003864380257779941,
                    "subsample": 0.7838007711818507,
                    "random_state": 33
                },
                "best_hpo_method": "Hyperband",
                "final_n_estimators": 324,
                "hpo_f1_score": 0.6837881219903692,
                "hpo_duration_s": 118.4381651878357,
                "calibration_duration_s": 2.557152271270752,
                "evaluation_duration_s": 0.021187543869018555,
                "timestamp": "20250611_135414",
                "group": "group_1",
                "calibration_method": "cvap"
            }
        }
    },
    "group_2": {
        "status": "completed",
        "results": {
            "SVM": {
                "metrics": {
                    "accuracy": 0.9304490690032858,
                    "precision": 1.0,
                    "recall_tpr": 0.01038961038961039,
                    "f1_score": 0.02056555269922879,
                    "specificity_tnr": 1.0,
                    "g_mean": 0.10192943828752511,
                    "confusion_matrix": {
                        "tn": 5093,
                        "fp": 0,
                        "fn": 381,
                        "tp": 4
                    },
                    "roc_auc": 0.7085949393233901,
                    "pr_auc": 0.1339923377816861,
                    "brier_score": 0.06288222481941456
                },
                "best_hpo_params": {
                    "C": 155.70484569628954,
                    "gamma": 3.5530756548217854,
                    "kernel": "rbf",
                    "random_state": 33,
                    "class_weight": "balanced"
                },
                "best_hpo_method": "Hyperband",
                "hpo_f1_score": 0.6156156156156156,
                "hpo_duration_s": 3012.151797771454,
                "calibration_duration_s": 376.48438811302185,
                "evaluation_duration_s": 13.275245189666748,
                "timestamp": "20250611_135615",
                "group": "group_2",
                "calibration_method": "cvap"
            },
            "Random_Forest": {
                "metrics": {
                    "accuracy": 0.929718875502008,
                    "precision": 0.0,
                    "recall_tpr": 0.0,
                    "f1_score": 0.0,
                    "specificity_tnr": 1.0,
                    "g_mean": 0.0,
                    "confusion_matrix": {
                        "tn": 5093,
                        "fp": 0,
                        "fn": 385,
                        "tp": 0
                    },
                    "roc_auc": 0.8621257595732366,
                    "pr_auc": 0.31091693907457496,
                    "brier_score": 0.06621474136512923
                },
                "best_hpo_params": {
                    "bootstrap": false,
                    "ccp_alpha": 0.00041802624567105175,
                    "criterion": "log_loss",
                    "max_depth": 31,
                    "max_features": 0.5,
                    "min_samples_leaf": 5,
                    "min_samples_split": 16,
                    "n_estimators": 41,
                    "random_state": 33,
                    "class_weight": "balanced",
                    "n_jobs": -1
                },
                "best_hpo_method": "Hyperband",
                "hpo_f1_score": 0.7216494845360825,
                "hpo_duration_s": 6716.143746137619,