{
    "group_1": {
        "status": "completed",
        "results": {
            "SVM": {
                "metrics": {
                    "accuracy": 0.9549105512960935,
                    "precision": 0.7254901960784313,
                    "recall_tpr": 0.5766233766233766,
                    "f1_score": 0.6425470332850941,
                    "specificity_tnr": 0.9835067740035343,
                    "g_mean": 0.7530690519188012,
                    "confusion_matrix": {
                        "tn": 5009,
                        "fp": 84,
                        "fn": 163,
                        "tp": 222
                    },
                    "roc_auc": 0.8974551268484117,
                    "pr_auc": 0.6200875197693512,
                    "brier_score": 0.03722428071963719
                },
                "best_hpo_params": {
                    "C": 12.38933639702895,
                    "gamma": 0.05659727053580866,
                    "kernel": "rbf",
                    "random_state": 33,
                    "class_weight": "balanced"
                },
                "best_hpo_method": "pre-tuned",
                "hpo_f1_score": null,
                "hpo_duration_s": 0.0,
                "calibration_duration_s": 36.349342823028564,
                "evaluation_duration_s": 18.044378519058228,
                "timestamp": "20250610_123357",
                "group": "group_1",
                "calibration_method": "isotonic"
            },
            "Random_Forest": {
                "metrics": {
                    "accuracy": 0.9642205184373859,
                    "precision": 0.9395348837209302,
                    "recall_tpr": 0.5246753246753246,
                    "f1_score": 0.6733333333333333,
                    "specificity_tnr": 0.9974474769291184,
                    "g_mean": 0.7234197113739497,
                    "confusion_matrix": {
                        "tn": 5080,
                        "fp": 13,
                        "fn": 183,
                        "tp": 202
                    },
                    "roc_auc": 0.895103031663016,
                    "pr_auc": 0.7052404292691512,
                    "brier_score": 0.032039411277149446
                },
                "best_hpo_params": {
                    "bootstrap": false,
                    "ccp_alpha": 9.523997498642667e-07,
                    "criterion": "entropy",
                    "max_depth": 24,
                    "max_features": "sqrt",
                    "min_samples_leaf": 4,
                    "min_samples_split": 7,
                    "n_estimators": 159,
                    "random_state": 33,
                    "class_weight": "balanced",
                    "n_jobs": -1
                },
                "best_hpo_method": "pre-tuned",
                "hpo_f1_score": null,
                "hpo_duration_s": 0.0,
                "calibration_duration_s": 4.628553867340088,
                "evaluation_duration_s": 0.30225372314453125,
                "timestamp": "20250610_123452",
                "group": "group_1",
                "calibration_method": "isotonic"
            },
            "XGBoost": {
                "metrics": {
                    "accuracy": 0.9620299379335524,
                    "precision": 0.919431279620853,
                    "recall_tpr": 0.5038961038961038,
                    "f1_score": 0.6510067114093959,
                    "specificity_tnr": 0.996662085215001,
                    "g_mean": 0.7086706863140352,
                    "confusion_matrix": {
                        "tn": 5076,
                        "fp": 17,
                        "fn": 191,
                        "tp": 194
                    },
                    "roc_auc": 0.888905832043472,
                    "pr_auc": 0.6997748583234772,
                    "brier_score": 0.03225461151330576
                },
                "best_hpo_params": {
                    "colsample_bytree": 0.9464487690142547,
                    "eval_metric": "logloss",
                    "gamma": 2.189523592991154,
                    "learning_rate": 0.08387098133293537,
                    "max_depth": 5,
                    "min_child_weight": 3.1494671513505987,
                    "n_estimators": 458,
                    "objective": "binary:logistic",
                    "reg_alpha": 4.698300634761819,
                    "reg_lambda": 1.5109409606895323,
                    "subsample": 0.7307925510916493,
                    "random_state": 33
                },
                "best_hpo_method": "pre-tuned",
                "final_n_estimators": 455,
                "hpo_f1_score": null,
                "hpo_duration_s": 0.0,
                "calibration_duration_s": 4.081719160079956,
                "evaluation_duration_s": 0.04143476486206055,
                "timestamp": "20250610_123457",
                "group": "group_1",
                "calibration_method": "isotonic"
            }
        }
    },
    "group_2": {
        "status": "completed",
        "results": {
            "SVM": {
                "metrics": {
                    "accuracy": 0.9295363271266885,
                    "precision": 0.4444444444444444,
                    "recall_tpr": 0.01038961038961039,
                    "f1_score": 0.02030456852791878,
                    "specificity_tnr": 0.9990182603573532,
                    "g_mean": 0.10187939191622246,
                    "confusion_matrix": {
                        "tn": 5088,
                        "fp": 5,
                        "fn": 381,
                        "tp": 4
                    },
                    "roc_auc": 0.8391323971532101,
                    "pr_auc": 0.3002157135625441,
                    "brier_score": 0.05527496488559202
                },
                "best_hpo_params": {
                    "C": 298.943865904108,
                    "gamma": 3.138426082025075e-05,
                    "kernel": "rbf",
                    "random_state": 33,
                    "class_weight": "balanced"
                },
                "best_hpo_method": "pre-tuned",
                "hpo_f1_score": null,
                "hpo_duration_s": 0.0,
                "calibration_duration_s": 72.34487414360046,
                "evaluation_duration_s": 289.9531059265137,
                "timestamp": "20250610_123501",
                "group": "group_2",
                "calibration_method": "isotonic"
            },
            "Random_Forest": {
                "metrics": {
                    "accuracy": 0.9689667761956918,
                    "precision": 0.9387755102040817,
                    "recall_tpr": 0.5974025974025974,
                    "f1_score": 0.7301587301587301,
                    "specificity_tnr": 0.9970547810720597,
                    "g_mean": 0.7717791886058645,
                    "confusion_matrix": {
                        "tn": 5078,
                        "fp": 15,
                        "fn": 155,
                        "tp": 230
                    },
                    "roc_auc": 0.9304017992610177,
                    "pr_auc": 0.7749206826696533,
                    "brier_score": 0.02743244122555491
                },
                "best_hpo_params": {
                    "bootstrap": false,
                    "ccp_alpha": 9.523997498642667e-07,
                    "criterion": "entropy",
                    "max_depth": 24,
                    "max_features": "sqrt",
                    "min_samples_leaf": 4,
                    "min_samples_split": 7,
                    "n_estimators": 159,
                    "random_state": 33,
                    "class_weight": "balanced",
                    "n_jobs": -1
                },
                "best_hpo_method": "pre-tuned",
                "hpo_f1_score": null,
                "hpo_duration_s": 0.0,
                "calibration_duration_s": 8.181589126586914,