{
    "group_1": {
        "status": "completed",
        "results": {
            "SVM": {
                "metrics": {
                    "accuracy": 0.9529025191675794,
                    "precision": 0.7275985663082437,
                    "recall_tpr": 0.5272727272727272,
                    "f1_score": 0.6114457831325302,
                    "specificity_tnr": 0.9850775574317691,
                    "g_mean": 0.7206972528615643,
                    "confusion_matrix": {
                        "tn": 5017,
                        "fp": 76,
                        "fn": 182,
                        "tp": 203
                    },
                    "roc_auc": 0.8980811452439176,
                    "pr_auc": 0.6211311066168176,
                    "brier_score": 0.0381272611413063
                },
                "best_hpo_params": {
                    "C": 12.38933639702895,
                    "gamma": 0.05659727053580866,
                    "kernel": "rbf",
                    "random_state": 33,
                    "class_weight": "balanced"
                },
                "best_hpo_method": "pre-tuned",
                "hpo_f1_score": null,
                "hpo_duration_s": 0.0,
                "calibration_duration_s": 38.47773814201355,
                "evaluation_duration_s": 51.637664794921875,
                "timestamp": "20250610_121548",
                "group": "group_1",
                "calibration_method": "platt"
            },
            "Random_Forest": {
                "metrics": {
                    "accuracy": 0.9640379700620665,
                    "precision": 0.8821138211382114,
                    "recall_tpr": 0.5636363636363636,
                    "f1_score": 0.687797147385103,
                    "specificity_tnr": 0.9943059100726487,
                    "g_mean": 0.7486167026559672,
                    "confusion_matrix": {
                        "tn": 5064,
                        "fp": 29,
                        "fn": 168,
                        "tp": 217
                    },
                    "roc_auc": 0.8956400559974093,
                    "pr_auc": 0.7070435204815253,
                    "brier_score": 0.032084619872511
                },
                "best_hpo_params": {
                    "bootstrap": false,
                    "ccp_alpha": 9.523997498642667e-07,
                    "criterion": "entropy",
                    "max_depth": 24,
                    "max_features": "sqrt",
                    "min_samples_leaf": 4,
                    "min_samples_split": 7,
                    "n_estimators": 159,
                    "random_state": 33,
                    "class_weight": "balanced",
                    "n_jobs": -1
                },
                "best_hpo_method": "pre-tuned",
                "hpo_f1_score": null,
                "hpo_duration_s": 0.0,
                "calibration_duration_s": 11.032649755477905,
                "evaluation_duration_s": 0.871697187423706,
                "timestamp": "20250610_121718",
                "group": "group_1",
                "calibration_method": "platt"
            },
            "XGBoost": {
                "metrics": {
                    "accuracy": 0.9625775830595108,
                    "precision": 0.8333333333333334,
                    "recall_tpr": 0.5844155844155844,
                    "f1_score": 0.6870229007633588,
                    "specificity_tnr": 0.9911643432161791,
                    "g_mean": 0.7610859930997103,
                    "confusion_matrix": {
                        "tn": 5048,
                        "fp": 45,
                        "fn": 160,
                        "tp": 225
                    },
                    "roc_auc": 0.890285367489373,
                    "pr_auc": 0.6961397106937002,
                    "brier_score": 0.03462281623838886
                },
                "best_hpo_params": {
                    "colsample_bytree": 0.9464487690142547,
                    "eval_metric": "logloss",
                    "gamma": 2.189523592991154,
                    "learning_rate": 0.08387098133293537,
                    "max_depth": 5,
                    "min_child_weight": 3.1494671513505987,
                    "n_estimators": 458,
                    "objective": "binary:logistic",
                    "reg_alpha": 4.698300634761819,
                    "reg_lambda": 1.5109409606895323,
                    "subsample": 0.7307925510916493,
                    "random_state": 33
                },
                "best_hpo_method": "pre-tuned",
                "final_n_estimators": 455,
                "hpo_f1_score": null,
                "hpo_duration_s": 0.0,
                "calibration_duration_s": 7.84248948097229,
                "evaluation_duration_s": 0.20187139511108398,
                "timestamp": "20250610_121730",
                "group": "group_1",
                "calibration_method": "platt"
            }
        }
    },
    "group_2": {
        "status": "completed",
        "results": {
            "SVM": {
                "metrics": {
                    "accuracy": 0.9288061336254108,
                    "precision": 0.4444444444444444,
                    "recall_tpr": 0.05194805194805195,
                    "f1_score": 0.09302325581395349,
                    "specificity_tnr": 0.9950913017867662,
                    "g_mean": 0.22736106667209666,
                    "confusion_matrix": {
                        "tn": 5068,
                        "fp": 25,
                        "fn": 365,
                        "tp": 20
                    },
                    "roc_auc": 0.8402594852624305,
                    "pr_auc": 0.30044531819031617,
                    "brier_score": 0.0557675070191594
                },
                "best_hpo_params": {
                    "C": 298.943865904108,
                    "gamma": 3.138426082025075e-05,
                    "kernel": "rbf",
                    "random_state": 33,
                    "class_weight": "balanced"
                },
                "best_hpo_method": "pre-tuned",
                "hpo_f1_score": null,
                "hpo_duration_s": 0.0,
                "calibration_duration_s": 258.976096868515,
                "evaluation_duration_s": 54.34148955345154,
                "timestamp": "20250610_121739",
                "group": "group_2",
                "calibration_method": "platt"
            },
            "Random_Forest": {
                "metrics": {
                    "accuracy": 0.9695144213216502,
                    "precision": 0.9291338582677166,
                    "recall_tpr": 0.612987012987013,
                    "f1_score": 0.7386541471048513,
                    "specificity_tnr": 0.9964657372864716,
                    "g_mean": 0.7815500981019295,
                    "confusion_matrix": {
                        "tn": 5075,
                        "fp": 18,
                        "fn": 149,
                        "tp": 236
                    },
                    "roc_auc": 0.9317050905112951,
                    "pr_auc": 0.7782963228990953,
                    "brier_score": 0.027339192921417965
                },
                "best_hpo_params": {
                    "bootstrap": false,
                    "ccp_alpha": 9.523997498642667e-07,
                    "criterion": "entropy",
                    "max_depth": 24,
                    "max_features": "sqrt",
                    "min_samples_leaf": 4,
                    "min_samples_split": 7,
                    "n_estimators": 159,
                    "random_state": 33,
                    "class_weight": "balanced",
                    "n_jobs": -1
                },
                "best_hpo_method": "pre-tuned",
                "hpo_f1_score": null,
                "hpo_duration_s": 0.0,
                "calibration_duration_s": 28.731329679489136,