{
    "group_2": {
        "status": "completed",
        "results": {
            "SVM": {
                "metrics": {
                    "accuracy": 0.9300839722526469,
                    "precision": 0.5384615384615384,
                    "recall_tpr": 0.03636363636363636,
                    "f1_score": 0.0681265206812652,
                    "specificity_tnr": 0.9976438248576478,
                    "g_mean": 0.19046773287764734,
                    "confusion_matrix": {
                        "tn": 5081,
                        "fp": 12,
                        "fn": 371,
                        "tp": 14
                    },
                    "roc_auc": 0.8328433985021457,
                    "pr_auc": 0.3333881652569657,
                    "brier_score": 0.05725250989625348
                },
                "best_hpo_params": {
                    "C": 298.943865904108,
                    "gamma": 3.138426082025075e-05,
                    "kernel": "rbf",
                    "random_state": 33,
                    "class_weight": "balanced"
                },
                "best_hpo_method": "pre-tuned",
                "hpo_f1_score": null,
                "hpo_duration_s": 0.0,
                "calibration_duration_s": 133.1782410144806,
                "evaluation_duration_s": 16.48504900932312,
                "timestamp": "20250610_140055",
                "group": "group_2",
                "calibration_method": "cvap"
            },
            "Random_Forest": {
                "metrics": {
                    "accuracy": 0.9309967141292442,
                    "precision": 1.0,
                    "recall_tpr": 0.01818181818181818,
                    "f1_score": 0.03571428571428571,
                    "specificity_tnr": 1.0,
                    "g_mean": 0.13483997249264842,
                    "confusion_matrix": {
                        "tn": 5093,
                        "fp": 0,
                        "fn": 378,
                        "tp": 7
                    },
                    "roc_auc": 0.8603252235688913,
                    "pr_auc": 0.33114589884565443,
                    "brier_score": 0.06239483286748058
                },
                "best_hpo_params": {
                    "bootstrap": false,
                    "ccp_alpha": 9.523997498642667e-07,
                    "criterion": "entropy",
                    "max_depth": 24,
                    "max_features": "sqrt",
                    "min_samples_leaf": 4,
                    "min_samples_split": 7,
                    "n_estimators": 159,
                    "random_state": 33,
                    "class_weight": "balanced",
                    "n_jobs": -1
                },
                "best_hpo_method": "pre-tuned",
                "hpo_f1_score": null,
                "hpo_duration_s": 0.0,
                "calibration_duration_s": 8.745485782623291,
                "evaluation_duration_s": 0.08067131042480469,
                "timestamp": "20250610_140325",
                "group": "group_2",
                "calibration_method": "cvap"
            },
            "XGBoost": {
                "metrics": {
                    "accuracy": 0.968236582694414,
                    "precision": 0.9042145593869731,
                    "recall_tpr": 0.612987012987013,
                    "f1_score": 0.7306501547987616,
                    "specificity_tnr": 0.9950913017867662,
                    "g_mean": 0.7810109120438895,
                    "confusion_matrix": {
                        "tn": 5068,
                        "fp": 25,
                        "fn": 149,
                        "tp": 236
                    },
                    "roc_auc": 0.9171291892870531,
                    "pr_auc": 0.7637896681337724,
                    "brier_score": 0.02936042962467944
                },
                "best_hpo_params": {
                    "colsample_bytree": 0.6691128850969852,
                    "eval_metric": "logloss",
                    "gamma": 0.00011268434166829304,
                    "learning_rate": 0.058358567630877566,
                    "max_depth": 5,
                    "min_child_weight": 9.45081562627717,
                    "n_estimators": 161,
                    "objective": "binary:logistic",
                    "reg_alpha": 0.0002642796650100502,
                    "reg_lambda": 1.983009445699706,
                    "subsample": 0.752290597505178,
                    "random_state": 33
                },
                "best_hpo_method": "pre-tuned",
                "final_n_estimators": 160,
                "hpo_f1_score": null,
                "hpo_duration_s": 0.0,
                "calibration_duration_s": 2.9585511684417725,
                "evaluation_duration_s": 0.03124713897705078,
                "timestamp": "20250610_140334",
                "group": "group_2",
                "calibration_method": "cvap"
            }
        }
    }
}