{
    "group_1": {
        "status": "completed",
        "results": {
            "SVM": {
                "metrics": {
                    "accuracy": 0.954728002920774,
                    "precision": 0.7174603174603175,
                    "recall_tpr": 0.587012987012987,
                    "f1_score": 0.6457142857142857,
                    "specificity_tnr": 0.9825250343608875,
                    "g_mean": 0.7594438460052344,
                    "confusion_matrix": {
                        "tn": 5004,
                        "fp": 89,
                        "fn": 159,
                        "tp": 226
                    },
                    "roc_auc": 0.8866478308653845,
                    "pr_auc": 0.6005586687280866,
                    "brier_score": 0.0400643212647113
                },
                "best_hpo_params": {
                    "C": 12.38933639702895,
                    "gamma": 0.05659727053580866,
                    "kernel": "rbf",
                    "random_state": 33,
                    "class_weight": "balanced"
                },
                "best_hpo_method": "Hyperband",
                "hpo_f1_score": 0.32977055210395767,
                "hpo_duration_s": 172.3869969844818,
                "calibration_duration_s": 56.294742822647095,
                "evaluation_duration_s": 3.251377582550049,
                "timestamp": "20250610_104134",
                "group": "group_1",
                "calibration_method": "cvap"
            },
            "Random_Forest": {
                "metrics": {
                    "accuracy": 0.9366557137641475,
                    "precision": 0.975,
                    "recall_tpr": 0.1012987012987013,
                    "f1_score": 0.18352941176470589,
                    "specificity_tnr": 0.9998036520714706,
                    "g_mean": 0.31824332123163024,
                    "confusion_matrix": {
                        "tn": 5092,
                        "fp": 1,
                        "fn": 346,
                        "tp": 39
                    },
                    "roc_auc": 0.8130069027771758,
                    "pr_auc": 0.30054255041331307,
                    "brier_score": 0.05767724341267756
                },
                "best_hpo_params": {
                    "bootstrap": false,
                    "ccp_alpha": 9.523997498642667e-07,
                    "criterion": "entropy",
                    "max_depth": 24,
                    "max_features": "sqrt",
                    "min_samples_leaf": 4,
                    "min_samples_split": 7,
                    "n_estimators": 159,
                    "random_state": 33,
                    "class_weight": "balanced",
                    "n_jobs": -1
                },
                "best_hpo_method": "Hyperband",
                "hpo_f1_score": 0.45605046109406855,
                "hpo_duration_s": 129.82760167121887,
                "calibration_duration_s": 3.965244770050049,
                "evaluation_duration_s": 0.07696413993835449,
                "timestamp": "20250610_104526",
                "group": "group_1",
                "calibration_method": "cvap"
            },
            "XGBoost": {
                "metrics": {
                    "accuracy": 0.9625775830595108,
                    "precision": 0.9166666666666666,
                    "recall_tpr": 0.5142857142857142,
                    "f1_score": 0.6589018302828619,
                    "specificity_tnr": 0.9964657372864716,
                    "g_mean": 0.7158687683239253,
                    "confusion_matrix": {
                        "tn": 5075,
                        "fp": 18,
                        "fn": 187,
                        "tp": 198
                    },
                    "roc_auc": 0.8751890167558732,
                    "pr_auc": 0.6839913002923637,
                    "brier_score": 0.035581212530256506
                },
                "best_hpo_params": {
                    "colsample_bytree": 0.9464487690142547,
                    "eval_metric": "logloss",
                    "gamma": 2.189523592991154,
                    "learning_rate": 0.08387098133293537,
                    "max_depth": 5,
                    "min_child_weight": 3.1494671513505987,
                    "n_estimators": 458,
                    "objective": "binary:logistic",
                    "reg_alpha": 4.698300634761819,
                    "reg_lambda": 1.5109409606895323,
                    "subsample": 0.7307925510916493,
                    "random_state": 33
                },
                "best_hpo_method": "Hyperband",
                "final_n_estimators": 455,
                "hpo_f1_score": 0.4877332322358542,
                "hpo_duration_s": 7.594924211502075,
                "calibration_duration_s": 3.7943918704986572,
                "evaluation_duration_s": 0.02274036407470703,
                "timestamp": "20250610_104740",
                "group": "group_1",
                "calibration_method": "cvap"
            }
        }
    },
    "group_2": {
        "status": "completed",
        "results": {
            "SVM": {
                "metrics": {
                    "accuracy": 0.9278933917488135,
                    "precision": 0.32142857142857145,
                    "recall_tpr": 0.023376623376623377,
                    "f1_score": 0.043583535108958835,
                    "specificity_tnr": 0.9962693893579423,
                    "g_mean": 0.1526086966613606,
                    "confusion_matrix": {
                        "tn": 5074,
                        "fp": 19,
                        "fn": 376,
                        "tp": 9
                    },
                    "roc_auc": 0.8251572695908058,
                    "pr_auc": 0.28490523002582574,
                    "brier_score": 0.05934868953549441
                },
                "best_hpo_params": {
                    "C": 298.943865904108,
                    "gamma": 3.138426082025075e-05,
                    "kernel": "rbf",
                    "random_state": 33,
                    "class_weight": "balanced"
                },
                "best_hpo_method": "Hyperband",
                "hpo_f1_score": 0.19338484831672798,
                "hpo_duration_s": 153.76787066459656,
                "calibration_duration_s": 87.79387974739075,
                "evaluation_duration_s": 6.6106345653533936,
                "timestamp": "20250610_104751",
                "group": "group_2",
                "calibration_method": "cvap"
            },
            "Random_Forest": {
                "metrics": {
                    "accuracy": 0.9304490690032858,
                    "precision": 1.0,
                    "recall_tpr": 0.01038961038961039,
                    "f1_score": 0.02056555269922879,
                    "specificity_tnr": 1.0,
                    "g_mean": 0.10192943828752511,
                    "confusion_matrix": {
                        "tn": 5093,
                        "fp": 0,
                        "fn": 381,
                        "tp": 4
                    },
                    "roc_auc": 0.8397242459092056,
                    "pr_auc": 0.24760781079883337,
                    "brier_score": 0.06325402544239389
                },
                "best_hpo_params": {
                    "bootstrap": false,
                    "ccp_alpha": 9.523997498642667e-07,
                    "criterion": "entropy",
                    "max_depth": 24,
                    "max_features": "sqrt",
                    "min_samples_leaf": 4,
                    "min_samples_split": 7,
                    "n_estimators": 159,
                    "random_state": 33,
                    "class_weight": "balanced",
                    "n_jobs": -1
                },
                "best_hpo_method": "Hyperband",
                "hpo_f1_score": 0.5752652904711306,